<?xml version="1.0" encoding="UTF-8"?>

<!DOCTYPE mapper
	PUBLIC "-//mybatis.org//DTD Mapper 3.0//EN"
	"http://mybatis.org/dtd/mybatis-3-mapper.dtd">
	
	<mapper namespace="com.peisia.mapper.GuestMapper">
	<select id="guestList" resultType="com.peisia.dto.GuestDto">
	SELECT * from tbl_guest
	</select>
	<select id="read" resultType="com.peisia.dto.GuestDto">
	SELECT * from tbl_guest where bno = #{bno}
	</select>
	<delete id="del">
	delete from tbl_guest where bno = #{bno}
	</delete>
	<insert id="write">
	insert into tbl_guest (btext) values(#{btext})
	</insert>
	<update id="edit">
	update tbl_guest set btext = #{btext} where bno = #{bno}
	</update>
	</mapper>
	